{"schemaVersion":"1.0","appDefinitionTemplate":{"id":"/providers/Microsoft.PowerApps/apps/","type":"Microsoft.PowerApps/apps","tags":{"primaryDeviceWidth":"1366","primaryDeviceHeight":"768","supportsPortrait":"true","supportsLandscape":"true","primaryFormFactor":"Tablet","publisherVersion":"3.23051.23","minimumRequiredApiVersion":"2.2.0","hasComponent":"true","hasUnlockedComponent":"true","isUnifiedRootApp":"false","sienaVersion":"20230517T232613Z-3.23051.23.0"},"properties":{"appVersion":"2023-05-17T23:26:13Z","lifeCycleId":"Published","createdByClientVersion":{"major":3,"minor":23051,"build":23,"revision":0,"majorRevision":0,"minorRevision":0},"minClientVersion":{"major":3,"minor":23051,"build":23,"revision":0,"majorRevision":0,"minorRevision":0},"backgroundColor":"RGBA(0,176,240,1)","backgroundImageUri":"/2148666976187763133/N23b50c0b-114f-457e-8426-72fcf309953f-logoSmallFile","displayName":"SupplyChain SA PWA","description":"","commitMessage":"","appUris":{"documentUri":{"value":"/2148666976187763133/N39006bfc-f307-4593-880e-698ab73777f9-document.msapp"},"imageUris":[],"additionalUris":[]},"createdTime":"0001-01-01T00:00:00Z","lastModifiedTime":"0001-01-01T00:00:00Z","sharedGroupsCount":0,"sharedUsersCount":0,"connectionReferences":{"6ac101c5-31e1-469b-943a-13d80a1e516c":{"id":"b030f252-2efa-409f-b6d3-842507d51975","displayName":"Logic flows","iconUri":"https://connectoricons-prod.azureedge.net/releases/v1.0.1615/1.0.1615.3163/logicflows/icon.png","dataSources":["SA_API_Flow"],"dependencies":[],"dependents":[],"parameterHints":{"workflowName":{"value":"8b5b0720-2bea-46d5-8f88-38c2c3bffbe5"},"workflowEntityId":{}},"parameterHintsV2":{"workflowName":{"value":"8b5b0720-2bea-46d5-8f88-38c2c3bffbe5"},"workflowEntityId":{}},"isOnPremiseConnection":false,"bypassConsent":false,"dataSets":{},"apiTier":"Standard","isCustomApiConnection":false,"actions":["Run"]}},"databaseReferences":{},"almMode":"Environment","performanceOptimizationEnabled":true,"canConsumeAppPass":true,"enableModernRuntimeMode":false,"executionRestrictions":{"isTeamsOnly":false,"dataLossPreventionEvaluationResult":{"status":"Compliant","lastEvaluationDate":"2023-05-11T20:43:03.2927427Z","violations":[],"violationsByPolicy":[],"violationErrorMessage":"The app uses the following connectors: shared_logicflows."},"httpActionRestriction":{"appUsesSharepointHttpAction":false,"enforcementStrategy":"Legacy","evaluationTime":"2023-05-11T20:43:03.2927023Z"}}},"appType":"ClassicCanvasApp","appComponents":[]}}