{"name":"96a79acb-c191-40a6-9171-0638bb161748","id":"/providers/Microsoft.Flow/flows/96a79acb-c191-40a6-9171-0638bb161748","type":"Microsoft.Flow/flows","properties":{"apiId":"/providers/Microsoft.PowerApps/apis/shared_logicflows","displayName":"SA_API_Flow","definition":{"metadata":{"workflowEntityId":null,"processAdvisorMetadata":null,"flowclientsuspensionreason":"None","flowclientsuspensiontime":null,"flowclientsuspensionreasondetails":null,"creator":{"id":"920eb101-6686-44ed-8c5f-731175be2c50","type":"User","tenantId":"1822f125-3574-42a4-b800-1ef142e7d109"},"provisioningMethod":"FromDefinition","failureAlertSubscription":true,"clientLastModifiedTime":"2023-05-11T20:52:01.4606376Z","flowChargedByPaygo":null},"$schema":"https://schema.management.azure.com/providers/Microsoft.Logic/schemas/2016-06-01/workflowdefinition.json#","contentVersion":"1.0.0.0","parameters":{"$authentication":{"defaultValue":{},"type":"SecureObject"}},"triggers":{"manual":{"metadata":{"operationMetadataId":"c36a4e28-97fb-4895-9fc3-168c25cc6627"},"type":"Request","kind":"PowerApp","inputs":{"schema":{"type":"object","properties":{"InitAuthorizationKey_Value":{"type":"string","description":"Enter initial value","x-ms-powerflows-param-ispartial":false},"InitSAOnlineEndpointURL_Value":{"type":"string","description":"Enter initial value","x-ms-powerflows-param-ispartial":false},"InitRequestBody_Value":{"type":"string","description":"Enter initial value","x-ms-powerflows-param-ispartial":false}},"required":["InitAuthorizationKey_Value","InitSAOnlineEndpointURL_Value","InitRequestBody_Value"]}}}},"actions":{"HTTP":{"runAfter":{"InitRequestBody":["Succeeded"]},"metadata":{"operationMetadataId":"97145c3d-a8c6-4d3e-9c11-a224d95b231c"},"type":"Http","inputs":{"method":"POST","uri":"@variables('SA_OnlineEndpoint_URL')","headers":{"Authorization":"@{concat('Bearer ', variables('AuthorizationKey'))}"},"body":"@variables('RequestBody')"}},"InitAuthorizationKey":{"runAfter":{},"metadata":{"operationMetadataId":"5877dae6-5966-47ad-af28-db40aff1bff5"},"type":"InitializeVariable","inputs":{"variables":[{"name":"AuthorizationKey","type":"string","value":"@{triggerBody()['InitAuthorizationKey_Value']}"}]}},"InitSAOnlineEndpointURL":{"runAfter":{"InitAuthorizationKey":["Succeeded"]},"metadata":{"operationMetadataId":"fab3fd7f-634b-4123-9787-0ca68147056f"},"type":"InitializeVariable","inputs":{"variables":[{"name":"SA_OnlineEndpoint_URL","type":"string","value":"@{triggerBody()['InitSAOnlineEndpointURL_Value']}"}]}},"InitRequestBody":{"runAfter":{"InitSAOnlineEndpointURL":["Succeeded"]},"metadata":{"operationMetadataId":"c64bb369-bd1c-431e-a73b-8a99b0e5ba5c"},"type":"InitializeVariable","inputs":{"variables":[{"name":"RequestBody","type":"string","value":"@{triggerBody()['InitRequestBody_Value']}"}]}},"Respond_to_a_PowerApp_or_flow":{"runAfter":{"HTTP":["Succeeded"]},"metadata":{"operationMetadataId":"04edb611-87c1-48f8-871a-4299007c2ba2"},"type":"Response","kind":"PowerApp","inputs":{"statusCode":200,"body":{"response":"@{body('HTTP')}"},"schema":{"type":"object","properties":{"response":{"title":"Response","x-ms-dynamically-added":true,"type":"string"}}}}}}},"connectionReferences":{},"flowFailureAlertSubscribed":false,"isManaged":false}}